{"_id":"7ec4e9e7-db88-498c-89b1-8634b1138bde_AppSrv01_2424223286126729_7edaee64-9817-4ee0-acb1-f97e4405099b_modresorts-2_0_0_war.ear_json","_rev":"1-ab54db03770dc9ebc0dbdd815653c860","report":"inventory","version":"4.0","productVersion":"24.0.0.3","productRelease":"24.0.0.3","buildID":"v20241125_2333","options":["--includeHelpLocation","--maxUserDefinedRuleResults\u003d100","--userRuleLocation\u003d/root/dc/transformationadvisor-4.0.0/bin/../conf/userDefinedRules","--excludePackages\u003dch.qos,com.cloudant,com.cognos,com.fasterxml,com.filenet,com.ibatis,com.ibm,com.informix,com.lowagie,com.mchange,com.meterware,com.microsoft,com.mongodb,com.mysql,com.sun,com.sybase,filenet,freemarker,groovy,jakarta,java,javax,net,oracle,org,sqlj,sun,twitter4j,_ibmjsp"],"applications":["/opt/IBM/WebSphere/AppServer/profiles/AppSrv01/config/cells/ghettoes1Node01Cell/applications/modresorts-2_0_0_war.ear/modresorts-2_0_0_war.ear"],"sharedLibraries":[],"archives":{"ears":1,"wars":1,"rars":0,"ejbs":0,"webFragments":0,"utilityJars":1,"appClients":0},"summary":{"servlets":14,"jsps":3,"jpaEntities":0,"bmpEntityBeans":0,"cmpEntityBeans":0,"messageDrivenBeans":0,"singletonSessionBeans":2,"statefulSessionBeans":0,"statelessSessionBeans":3,"jaxrpcConsumers":0,"jaxrpcProviders":0,"jaxrsConsumers":0,"jaxrsProviders":0,"jaxwsConsumers":0,"jaxwsProviders":0,"springBeans":0},"archiveInventory":[{"archiveName":"/opt/IBM/WebSphere/AppServer/profiles/AppSrv01/config/cells/ghettoes1Node01Cell/applications/modresorts-2_0_0_war.ear/modresorts-2_0_0_war.ear","moduleType":"Enterprise archive","moduleVersion":"7","moduleSize":7992807,"checksum":"b631d0ecca253ec0dd6eddee9b69e3f4b81eea508692a584306a05ace365d718","archives":{"wars":1,"rars":0,"ejbs":0,"utilityJars":1,"appClients":0},"summary":{"servlets":14,"jsps":3,"jpaEntities":0,"bmpEntityBeans":0,"cmpEntityBeans":0,"messageDrivenBeans":0,"singletonSessionBeans":2,"statefulSessionBeans":0,"statelessSessionBeans":3,"jaxrpcConsumers":0,"jaxrpcProviders":0,"jaxrsConsumers":0,"jaxrsProviders":0,"jaxwsConsumers":0,"jaxwsProviders":0,"springBeans":0},"potentialDeploymentProblemsSummary":{"archivesContainingDuplicateClasses":0,"archivesContainingJavaEEorSEClasses":0,"archivesContainingConflictingOpenSourceSoftwareClasses":0,"archivesContainingWebSphereClasses":0,"archivesNotReferencedInTheApplication":0,"archivesWithMissingDependenciesInTheApplication":0,"classesWithSystemLevelJVMConfiguration":0,"sharedLibrariesReferencingApplicationClasses":0},"potentialDeploymentProblemsDetails":[{"duplicateClassesWithinClassLoader":[]},{"duplicateClassesAcrossApplication":[]},{"javaEEandSEClasses":[]},{"duplicateWebSphereClasses":[]},{"openSourceSoftwareClasses":[]},{"archivesNotReferenced":[]},{"missingDependencies":[]},{"classesWithSystemLevelJVMConfiguration":[]},{"sharedLibraryDependencies":[]}],"performanceConsiderations":{"archivesThatAreCandidatesForMetadataCompleteTrueAttribute":[],"webModulesWithExcessiveClassFiles":[],"webModulesWithExcessiveStaticResources":[]},"operationalConsiderations":{"deploymentTargets":{"clusters":[],"nonClusteredServers":[{"name":"server1","node":"ghettoes1Node01","type":"APPLICATION_SERVER"}]}},"containedArchiveInventory":[{"archiveName":"/opt/IBM/WebSphere/AppServer/profiles/AppSrv01/config/cells/ghettoes1Node01Cell/applications/modresorts-2_0_0_war.ear/modresorts-2_0_0_war.ear/modresorts-2.0.0.war","moduleType":"Web module","moduleVersion":"3.1","metadataComplete":"Unspecified","checksum":"b631d0ecca253ec0dd6eddee9b69e3f4b81eea508692a584306a05ace365d718","archives":{"ejbs":0,"webFragments":0,"utilityJars":1},"summary":{"servlets":14,"jsps":3,"jpaEntities":0,"bmpEntityBeans":0,"cmpEntityBeans":0,"messageDrivenBeans":0,"singletonSessionBeans":2,"statefulSessionBeans":0,"statelessSessionBeans":3,"jaxrpcConsumers":0,"jaxrpcProviders":0,"jaxrsConsumers":0,"jaxrsProviders":0,"jaxwsConsumers":0,"jaxwsProviders":0,"springBeans":0},"containedArchiveInventory":[{"archiveName":"/opt/IBM/WebSphere/AppServer/profiles/AppSrv01/config/cells/ghettoes1Node01Cell/applications/modresorts-2_0_0_war.ear/modresorts-2_0_0_war.ear/modresorts-2.0.0.war/WEB-INF/lib/gson-2.10.1.jar","moduleType":"Utility JAR","checksum":"c83fc2cde3dedb7467effae849b0ae45497de58f53b8b2e932cc88512646e8c5","containedPackages":["com.google.gson"]}]}]}],"sharedLibraryDetails":[],"name":"modresorts-2_0_0_war.ear.inventory","type":"json","tenantId":"7edaee64-9817-4ee0-acb1-f97e4405099b","taskname":"7ec4e9e7-db88-498c-89b1-8634b1138bde","created":1733133526470,"profileName":"AppSrv01_2424223286126729","applicationName":"modresorts-2_0_0_war.ear","id":"7ec4e9e7-db88-498c-89b1-8634b1138bde_AppSrv01_2424223286126729_7edaee64-9817-4ee0-acb1-f97e4405099b_modresorts-2_0_0_war.ear_json"}