{"_id":"7ec4e9e7-db88-498c-89b1-8634b1138bde_AppSrv01_2424223286126729_7edaee64-9817-4ee0-acb1-f97e4405099b_modresorts-2_0_0_war.ear_json","_rev":"1-a8ae44664b354d5b4c7b61a693f2c34d","report":"technology","version":"2.3","productVersion":"24.0.0.3","productRelease":"24.0.0.3","buildID":"v20241125_2333","options":["--baseEdition","--coreEdition","--includeHelpLocation","--liberty","--ndEdition","--traditional","--zosEdition","--excludePackages\u003dch.qos,com.cloudant,com.cognos,com.fasterxml,com.filenet,com.ibatis,com.ibm,com.informix,com.lowagie,com.mchange,com.meterware,com.microsoft,com.mongodb,com.mysql,com.sun,com.sybase,filenet,freemarker,groovy,jakarta,java,javax,net,oracle,org,sqlj,sun,twitter4j,_ibmjsp"],"applications":[{"application":"/opt/IBM/WebSphere/AppServer/profiles/AppSrv01/config/cells/ghettoes1Node01Cell/applications/modresorts-2_0_0_war.ear/modresorts-2_0_0_war.ear","summary":{"openLiberty":true,"libertyCore":false,"liberty":true,"websphereTraditional":true,"ndLiberty":true,"ndTraditional":true,"zosLiberty":true,"zosTraditional":true},"technologies":[{"technology":"Java Servlet","openLiberty":true,"libertyCore":true,"liberty":true,"websphereTraditional":true,"ndLiberty":true,"ndTraditional":true,"zosLiberty":true,"zosTraditional":true},{"technology":"JavaServer Pages / Expression Language (JSP/EL)","openLiberty":true,"libertyCore":true,"liberty":true,"websphereTraditional":true,"ndLiberty":true,"ndTraditional":true,"zosLiberty":true,"zosTraditional":true},{"technology":"Dependency Injection for Java","openLiberty":true,"libertyCore":true,"liberty":true,"websphereTraditional":true,"ndLiberty":true,"ndTraditional":true,"zosLiberty":true,"zosTraditional":true},{"technology":"Enterprise JavaBeans (EJB) Lite subset","openLiberty":true,"libertyCore":true,"liberty":true,"websphereTraditional":true,"ndLiberty":true,"ndTraditional":true,"zosLiberty":true,"zosTraditional":true},{"technology":"Common Annotations for the Java Platform","openLiberty":true,"libertyCore":true,"liberty":true,"websphereTraditional":true,"ndLiberty":true,"ndTraditional":true,"zosLiberty":true,"zosTraditional":true},{"technology":"Java Message Service (JMS) API","openLiberty":true,"libertyCore":false,"liberty":true,"websphereTraditional":true,"ndLiberty":true,"ndTraditional":true,"zosLiberty":true,"zosTraditional":true},{"technology":"Java Database Connectivity (JDBC)","openLiberty":true,"libertyCore":true,"liberty":true,"websphereTraditional":true,"ndLiberty":true,"ndTraditional":true,"zosLiberty":true,"zosTraditional":true},{"technology":"Java Management Extensions (JMX)","openLiberty":true,"libertyCore":true,"liberty":true,"websphereTraditional":true,"ndLiberty":true,"ndTraditional":true,"zosLiberty":true,"zosTraditional":true}],"incompleteReportErrors":[],"footnotes":[]}],"overallSummary":{"openLiberty":true,"libertyCore":false,"liberty":true,"websphereTraditional":true,"ndLiberty":true,"ndTraditional":true,"zosLiberty":true,"zosTraditional":true},"name":"modresorts-2_0_0_war.ear.eval","type":"json","tenantId":"7edaee64-9817-4ee0-acb1-f97e4405099b","taskname":"7ec4e9e7-db88-498c-89b1-8634b1138bde","created":1733133526469,"profileName":"AppSrv01_2424223286126729","applicationName":"modresorts-2_0_0_war.ear","id":"7ec4e9e7-db88-498c-89b1-8634b1138bde_AppSrv01_2424223286126729_7edaee64-9817-4ee0-acb1-f97e4405099b_modresorts-2_0_0_war.ear_json"}